20000001;NL400000471B76;Year BV
20000002;NL400000869B46;Cemetery
20000003;NL400000186B73;Birthday NV
20000004;NL400000663B60;Hands BV
20000005;NL400000643B21;Deer VOF
20000006;NL400000682B47;Letter NV
20000007;NL400000435B28;Amount BV
20000008;NL400000559B29;Vein BV
20000009;NL400000515B42;Point BV
20000010;NL400000695B72;Interest BV
20000011;NL400000686B95;Mailbox BV
20000012;NL400000016B93;Powder BV
20000013;NL400000245B69;Quiver NV
20000014;NL400000583B20;Lunchroom VOF
20000015;NL400000243B24;Condition NV
20000016;NL400000228B75;Finger BV
20000017;NL400000799B36;Dirt
20000018;NL400000792B33;Pancake BV
20000019;NL400000167B80;Structure
20000020;NL400000774B16;Pollution BV
20000021;NL400000497B99;Army
20000022;NL400000129B78;Fish NV
20000023;NL400000720B28;Show BV
20000024;NL400000868B74;Oven VOF
20000025;NL400000365B38;Bird BV
20000026;NL400000575B62;Distribution
20000027;NL400000261B97;Relation BV
20000028;NL400000368B78;Pie
20000029;NL400000218B42;Boy
20000030;NL400000551B85;Skirt VOF
20000031;NL400000619B50;Ship BV
20000032;NL400000316B83;Wish BV
20000033;NL400000008B27;Dogs BV
20000034;NL400000379B97;Trouble BV
20000035;NL400000377B81;Knife BV
20000036;NL400000623B23;Letters NV
20000037;NL400000813B54;Snail
20000038;NL400000027B15;Fairies NV
20000039;NL400000317B76;Rub VOF
20000040;NL400000314B23;Heat
20000041;NL400000285B53;Authority
20000042;NL400000231B85;Railway BV
20000043;NL400000895B52;Territory BV
20000044;NL400000654B98;Stem BV
20000045;NL400000761B12;Squirrel BV
20000046;NL400000502B38;Popcorn VOF
20000047;NL400000996B58;Back BV
20000048;NL400000960B72;Mice BV
20000049;NL400000351B39;Part
20000050;NL400000739B30;Fact BV
20000051;NL400000313B94;Drink
20000052;NL400000795B69;Books BV
20000053;NL400000338B97;Level BV
20000054;NL400000715B92;Turkey
20000055;NL400000101B32;Motion
20000056;NL400000430B74;Cherries NV
20000057;NL400000298B61;Desk NV
20000058;NL400000590B25;Grandmother BV
20000059;NL400000470B65;Cart BV
20000060;NL400000128B52;Creator BV
20000061;NL400000092B45;Jelly
20000062;NL400000141B53;Bit NV
20000063;NL400000264B92;Teaching NV
20000064;NL400000834B22;Space BV
20000065;NL400000051B46;Yak BV
20000066;NL400000352B91;Brake
20000067;NL400000489B82;Minister BV
20000068;NL400000232B87;Furniture
20000069;NL400000047B29;Lace BV
20000070;NL400000772B13;Debt BV
20000071;NL400000476B44;Square VOF
20000072;NL400000861B48;Battle
20000073;NL400000676B32;Tub BV
20000074;NL400000109B77;Harmony BV
20000075;NL400000421B43;Form BV
20000076;NL400000196B18;Lamp NV
20000077;NL400000928B60;Maid VOF
20000078;NL400000998B80;Angle BV
20000079;NL400000282B88;Bead BV
20000080;NL400000605B58;Tongue BV
20000081;NL400000901B94;Hill NV
20000082;NL400000596B84;Roof
20000083;NL400000262B83;Hair BV
20000084;NL400000890B81;Page BV
20000085;NL400000409B30;Table BV
20000086;NL400000987B68;Scent
20000087;NL400000958B43;Shoes
20000088;NL400000781B97;Place NV
20000089;NL400000227B68;Hydrant NV
20000090;NL400000952B42;Pen NV
20000091;NL400000048B14;Knot
20000092;NL400000156B30;Committee NV
20000093;NL400000319B94;Butter
20000094;NL400000433B11;Morning VOF
20000095;NL400000809B57;Cats
20000096;NL400000689B79;Cause NV
20000097;NL400000733B92;Sort BV
20000098;NL400000524B98;Friends BV
20000099;NL400000311B62;Cobweb BV
20000100;NL400000103B21;Impulse
20000101;NL400000699B71;Instrument VOF
20000102;NL400000464B91;Wall VOF
20000103;NL400000767B23;Base
20000104;NL400000136B21;Dime
20000105;NL400000828B97;Wax VOF
20000106;NL400000982B67;Air BV
20000107;NL400000688B87;Protest BV
20000108;NL400000292B90;Eggs VOF
20000109;NL400000564B55;Group NV
20000110;NL400000229B50;Twig BV
20000111;NL400000920B88;Building BV
20000112;NL400000322B52;Rake BV
20000113;NL400000380B79;Zipper NV
20000114;NL400000655B23;Street BV
20000115;NL400000980B13;Bedroom BV
20000116;NL400000591B47;Nose BV
20000117;NL400000017B16;Jeans
20000118;NL400000779B26;Sleep BV
20000119;NL400000731B30;Bag
20000120;NL400000483B63;Reason
20000121;NL400000460B17;Minute
20000122;NL400000290B96;Snow VOF
20000123;NL400000936B79;Plate VOF
20000124;NL400000983B98;Property VOF
20000125;NL400000568B53;Collar BV
20000126;NL400000354B30;Receipt
20000127;NL400000553B74;Rain NV
20000128;NL400000644B28;Beginner NV
20000129;NL400000038B79;Wrench BV
20000130;NL400000985B41;Wash
20000131;NL400000742B66;Bomb BV
20000132;NL400000510B19;Writing BV
20000133;NL400000480B58;Suggestion BV
20000134;NL400000921B54;Harbor NV
20000135;NL400000085B91;Trains
20000136;NL400000140B56;Chalk NV
20000137;NL400000931B73;Unit BV
20000138;NL400000505B46;Attraction NV
20000139;NL400000561B53;Theory
20000140;NL400000370B42;Afternoon VOF
20000141;NL400000484B68;Rule BV
20000142;NL400000536B63;Boat
20000143;NL400000266B40;Store NV
20000144;NL400000276B41;Sponge BV
20000145;NL400000257B84;Join BV
20000146;NL400000353B73;Cough
20000147;NL400000404B49;Name NV
20000148;NL400000718B58;Match BV
20000149;NL400000614B34;Ticket NV
20000150;NL400000506B37;Weather NV
20000151;NL400000158B53;Winter BV
20000152;NL400000462B77;Coal BV
20000153;NL400000889B24;Crowd BV
20000154;NL400000097B94;Sock NV
20000155;NL400000567B54;Badge NV
20000156;NL400000215B66;Plant NV
20000157;NL400000280B70;Celery BV
20000158;NL400000083B33;Time BV
20000159;NL400000651B71;Health BV
20000160;NL400000250B49;Ice BV
20000161;NL400000071B71;Quiet NV
20000162;NL400000119B78;Shoe NV
20000163;NL400000007B31;Dock NV
20000164;NL400000694B63;Fly NV
20000165;NL400000178B97;Temper VOF
20000166;NL400000656B42;Marble NV
20000167;NL400000429B74;Flowers NV
20000168;NL400000222B39;Grain BV
20000169;NL400000991B63;Offer NV
20000170;NL400000324B85;House NV
20000171;NL400000355B34;Stomach
20000172;NL400000402B65;Slip NV
20000173;NL400000615B85;Sheet BV
20000174;NL400000294B90;Girls NV
20000175;NL400000777B14;Tomatoes VOF
20000176;NL400000217B19;Direction BV
20000177;NL400000965B61;Floor NV
20000178;NL400000080B96;Front BV
20000179;NL400000332B47;Income
20000180;NL400000753B19;Hospital
20000181;NL400000387B94;Quince BV
20000182;NL400000581B81;Horn BV
20000183;NL400000904B89;Sisters
20000184;NL400000628B60;Babies VOF
20000185;NL400000704B96;Silver NV
20000186;NL400000308B29;Coast
20000187;NL400000528B12;Bath BV
20000188;NL400000634B75;Daughter NV
20000189;NL400000202B28;Juice
20000190;NL400000984B70;Fork VOF
20000191;NL400000807B71;Birds BV
20000192;NL400000451B62;Grade NV
20000193;NL400000251B71;Rod
20000194;NL400000871B57;Songs
20000195;NL400000057B46;Women BV
20000196;NL400000862B71;Bridge
20000197;NL400000866B32;Watch BV
20000198;NL400000468B25;Aftermath BV
20000199;NL400000616B48;Noise BV
20000200;NL400000428B64;Cow NV
20000201;NL400000419B76;North VOF
20000202;NL400000744B66;Cable NV
20000203;NL400000796B69;Library BV
20000204;NL400000197B69;Pies BV
20000205;NL400000345B60;Field
20000206;NL400000138B87;Coach NV
20000207;NL400000126B99;Bat BV
20000208;NL400000577B93;Passenger NV
20000209;NL400000706B20;Ducks
20000210;NL400000252B75;Cave BV
20000211;NL400000825B85;Rabbit
20000212;NL400000732B76;Airplane VOF
20000213;NL400000001B51;Ground VOF
20000214;NL400000999B89;Mint BV
20000215;NL400000918B30;Expert NV
20000216;NL400000268B28;Route VOF
20000217;NL400000256B43;Birth
20000218;NL400000258B15;Foot
20000219;NL400000496B78;Monkey
20000220;NL400000054B32;Alarm VOF
20000221;NL400000838B65;Mark NV
20000222;NL400000593B39;Plane NV
20000223;NL400000461B48;Tail BV
20000224;NL400000022B30;Liquid BV
20000225;NL400000490B85;Mask NV
20000226;NL400000173B92;Downtown BV
20000227;NL400000808B44;Ladybug BV
20000228;NL400000393B76;Camera NV
20000229;NL400000768B92;Ghost NV
20000230;NL400000951B35;Dress NV
20000231;NL400000307B99;Tray BV
20000232;NL400000318B82;Ear VOF
20000233;NL400000337B38;Lunch NV
20000234;NL400000626B20;Record
20000235;NL400000823B51;Branch
20000236;NL400000544B52;Basketball BV
20000237;NL400000518B72;Work NV
20000238;NL400000995B12;Flock
20000239;NL400000932B75;Credit BV
20000240;NL400000204B57;Children NV
20000241;NL400000741B23;Robin
20000242;NL400000360B84;Wren
20000243;NL400000004B93;Pocket VOF
20000244;NL400000974B85;Thrill NV
20000245;NL400000190B65;Stick BV
20000246;NL400000315B53;Zebra BV
20000247;NL400000078B52;Hose VOF
20000248;NL400000668B25;Meeting NV
20000249;NL400000160B75;Nerve BV
20000250;NL400000372B17;Meal BV
20000251;NL400000488B77;Dinner VOF
20000252;NL400000600B41;Acoustics BV
20000253;NL400000210B11;Skate BV
20000254;NL400000309B55;Animal NV
20000255;NL400000530B22;Ball BV
20000256;NL400000012B96;Eye
20000257;NL400000473B59;Fold BV
20000258;NL400000098B45;Head NV
20000259;NL400000607B67;Channel NV
20000260;NL400000722B59;Poison BV
20000261;NL400000640B75;Snakes BV
20000262;NL400000669B99;Activity BV
20000263;NL400000788B64;Trade VOF
20000264;NL400000698B95;Pull NV
20000265;NL400000948B78;Act VOF
20000266;NL400000407B56;Surprise
20000267;NL400000845B14;Way BV
20000268;NL400000511B90;Invention NV
20000269;NL400000209B44;Frog BV
20000270;NL400000527B70;Force NV
20000271;NL400000943B16;Machine BV
20000272;NL400000113B51;Mind BV
20000273;NL400000391B68;Pear
20000274;NL400000064B91;Train BV
20000275;NL400000032B84;Suit BV
20000276;NL400000602B16;Actor BV
20000277;NL400000465B47;Salt VOF
20000278;NL400000130B27;Love
20000279;NL400000710B75;Needle
20000280;NL400000328B32;Texture
20000281;NL400000063B34;Peace BV
20000282;NL400000452B40;Wine NV
20000283;NL400000905B93;Kettle BV
20000284;NL400000729B84;Recess NV
20000285;NL400000375B67;Push
20000286;NL400000776B83;Blood VOF
20000287;NL400000994B58;Meat
20000288;NL400000797B47;Hall NV
20000289;NL400000011B34;Oatmeal VOF
20000290;NL400000152B59;Thunder BV
20000291;NL400000969B39;Oil NV
20000292;NL400000498B31;Society BV
20000293;NL400000523B38;Play NV
20000294;NL400000417B50;Loss BV
20000295;NL400000293B53;Throne NV
20000296;NL400000199B21;Whistle VOF
20000297;NL400000482B11;Soda VOF
20000298;NL400000076B48;Wing NV
20000299;NL400000993B54;Position
20000300;NL400000187B31;Move
20000301;NL400000291B13;Comparison BV
20000302;NL400000401B63;Sweater
20000303;NL400000425B96;Rate NV
20000304;NL400000649B82;Error
20000305;NL400000677B17;Mist
20000306;NL400000717B13;Price NV
20000307;NL400000114B40;Fireman
20000308;NL400000790B57;Swing BV
20000309;NL400000625B89;Scarecrow BV
20000310;NL400000935B51;Chin BV
20000311;NL400000479B25;Rat BV
20000312;NL400000543B58;Window NV
20000313;NL400000558B77;Magic BV
20000314;NL400000804B12;Door
20000315;NL400000312B80;Slope BV
20000316;NL400000006B81;Bulb BV
20000317;NL400000664B19;Holiday NV
20000318;NL400000296B35;Title BV
20000319;NL400000144B71;Cap BV
20000320;NL400000531B81;Laborer NV
20000321;NL400000975B30;Waste BV
20000322;NL400000897B76;Touch
20000323;NL400000088B27;Frame NV
20000324;NL400000972B94;Orange
20000325;NL400000557B22;Glass
20000326;NL400000785B44;Son BV
20000327;NL400000603B18;Example BV
20000328;NL400000946B29;War BV
20000329;NL400000740B67;Death
20000330;NL400000611B99;Giraffe BV
20000331;NL400000509B15;Connection NV
20000332;NL400000501B44;Egg BV
20000333;NL400000269B45;Low
20000334;NL400000540B10;Dinosaurs VOF
20000335;NL400000075B78;Houses VOF
20000336;NL400000608B23;Guide VOF
20000337;NL400000423B88;Pest
20000338;NL400000580B10;Soup NV
20000339;NL400000851B48;Representative BV
20000340;NL400000362B43;Education
20000341;NL400000037B70;Worm BV
20000342;NL400000029B57;Blade NV
20000343;NL400000018B92;Party
20000344;NL400000343B20;Trail BV
20000345;NL400000957B98;Writer BV
20000346;NL400000589B10;Hammer
20000347;NL400000679B67;Fowl VOF
20000348;NL400000635B78;End
20000349;NL400000879B96;Regret VOF
20000350;NL400000821B64;Toes VOF
20000351;NL400000652B87;Jewel BV
20000352;NL400000134B63;Knowledge
20000353;NL400000660B18;Purpose
20000354;NL400000513B87;Frogs NV
20000355;NL400000244B31;Shirt
20000356;NL400000927B98;Picture NV
20000357;NL400000107B29;Experience NV
20000358;NL400000565B51;Business
20000359;NL400000333B46;Curve BV
20000360;NL400000708B14;Horses
20000361;NL400000395B80;Exchange
20000362;NL400000474B54;Tax BV
20000363;NL400000494B92;Chicken
20000364;NL400000185B68;Milk BV
20000365;NL400000274B67;Linen NV
20000366;NL400000177B19;Volleyball NV
20000367;NL400000148B34;Bear NV
20000368;NL400000450B49;Truck BV
20000369;NL400000977B71;Can VOF
20000370;NL400000131B55;Stream NV
20000371;NL400000906B26;Grass BV
20000372;NL400000570B23;Key BV
20000373;NL400000815B79;Throat BV
20000374;NL400000621B13;Waves
20000375;NL400000988B17;Sink NV
20000376;NL400000224B52;Digestion BV
20000377;NL400000344B81;Water NV
20000378;NL400000074B93;River
20000379;NL400000118B31;Rice BV
20000380;NL400000170B88;Size
20000381;NL400000284B65;Value BV
20000382;NL400000306B95;Tank NV
20000383;NL400000485B67;Reward BV
20000384;NL400000517B82;Spot
20000385;NL400000766B57;Cent BV
20000386;NL400000336B42;Parcel NV
20000387;NL400000556B86;Sand
20000388;NL400000347B12;Story BV
20000389;NL400000108B48;Jam BV
20000390;NL400000010B86;Bite NV
20000391;NL400000743B34;Hand NV
20000392;NL400000609B49;Mass NV
20000393;NL400000030B76;Corn BV
20000394;NL400000146B48;Wheel VOF
20000395;NL400000574B51;Eggnog NV
20000396;NL400000442B43;Visitor
20000397;NL400000750B37;Umbrella
20000398;NL400000771B85;Shade
20000399;NL400000445B74;Loaf
20000400;NL400000456B18;Mouth BV
20000401;NL400000254B17;Mountain VOF
20000402;NL400000226B24;Range NV
20000403;NL400000270B53;Carpenter
20000404;NL400000648B39;Pot VOF
20000405;NL400000572B14;Adjustment BV
20000406;NL400000900B62;Spiders
20000407;NL400000801B72;Shame BV
20000408;NL400000870B73;Friction
20000409;NL400000422B96;Rifle VOF
20000410;NL400000657B20;Reaction NV
20000411;NL400000259B28;Current NV
20000412;NL400000242B12;Seashore BV
20000413;NL400000775B75;Chance
20000414;NL400000833B17;Rabbits
20000415;NL400000396B62;Judge NV
20000416;NL400000034B88;Stranger
20000417;NL400000747B51;Insect BV
20000418;NL400000180B86;Crown VOF
20000419;NL400000477B66;Fuel
20000420;NL400000356B63;Governor
20000421;NL400000855B60;Drawer VOF
20000422;NL400000874B50;Effect BV
20000423;NL400000702B77;Flower VOF
20000424;NL400000447B95;Brick BV
20000425;NL400000826B29;Ink BV
20000426;NL400000533B17;Card BV
20000427;NL400000810B81;Brass
20000428;NL400000903B96;Arch BV
20000429;NL400000737B66;Man NV
20000430;NL400000736B55;Boundary BV
20000431;NL400000773B42;Thought
20000432;NL400000371B11;Sense VOF
20000433;NL400000850B74;Art VOF
20000434;NL400000839B60;Toe NV
20000435;NL400000439B92;Legs
20000436;NL400000166B90;Knee BV
20000437;NL400000745B61;Mine VOF
20000438;NL400000304B24;Earth NV
20000439;NL400000909B47;Observation NV
20000440;NL400000793B44;Soap
20000441;NL400000586B35;Cellar BV
20000442;NL400000135B61;Tent NV
20000443;NL400000082B46;Design NV
20000444;NL400000236B25;Woman
20000445;NL400000431B61;Color BV
20000446;NL400000214B83;Horse
20000447;NL400000463B89;Flesh VOF
20000448;NL400000068B86;Sister NV
20000449;NL400000598B24;Division BV
20000450;NL400000279B77;Yoke BV
20000451;NL400000411B60;Lettuce BV
20000452;NL400000491B84;Pig VOF
20000453;NL400000805B43;Lumber NV
20000454;NL400000339B59;Crate
20000455;NL400000672B82;Zinc BV
20000456;NL400000560B58;Zephyr BV
20000457;NL400000053B78;Blow BV
20000458;NL400000139B45;Bikes NV
20000459;NL400000060B82;Fog NV
20000460;NL400000893B63;Crime NV
20000461;NL400000405B25;Fire BV
20000462;NL400000383B23;Produce NV
20000463;NL400000394B60;Paper
20000464;NL400000944B34;School
20000465;NL400000758B62;Punishment BV
20000466;NL400000885B33;Kitty NV
20000467;NL400000237B45;Vegetable BV
20000468;NL400000286B61;Tin
20000469;NL400000081B64;Cast
20000470;NL400000410B89;Doctor BV
20000471;NL400000713B92;Tooth NV
20000472;NL400000021B31;Toothpaste
20000473;NL400000566B96;Geese
20000474;NL400000898B81;Rings BV
20000475;NL400000690B80;Reading VOF
20000476;NL400000571B94;Border NV
20000477;NL400000408B93;Distance BV
20000478;NL400000240B10;Spoon
20000479;NL400000675B97;Nation BV
20000480;NL400000582B39;Canvas
20000481;NL400000189B24;Wire
20000482;NL400000610B20;Substance NV
20000483;NL400000179B51;Cherry VOF
20000484;NL400000908B47;Mother BV
20000485;NL400000938B76;Bait BV
20000486;NL400000816B49;Payment VOF
20000487;NL400000211B16;Metal BV
20000488;NL400000106B37;Approval BV
20000489;NL400000778B56;Toy BV
20000490;NL400000892B92;Bucket NV
20000491;NL400000587B20;Change VOF
20000492;NL400000697B78;Pan VOF
20000493;NL400000728B19;Dust
20000494;NL400000968B92;Yard VOF
20000495;NL400000714B13;Crow BV
20000496;NL400000696B20;Cracker BV
20000497;NL400000940B22;Jump VOF
20000498;NL400000535B85;Control NV
20000499;NL400000191B75;Week BV
20000500;NL400000033B86;Agreement NV
20000501;NL400000427B27;Word NV
20000502;NL400000041B44;Burst
20000503;NL400000373B57;Statement BV
20000504;NL400000791B99;Oranges NV
20000505;NL400000095B72;Room
20000506;NL400000432B62;Care BV
20000507;NL400000406B16;Iron NV
20000508;NL400000065B57;Pump BV
20000509;NL400000563B24;Side NV
20000510;NL400001000B89;Calendar VOF
20000511;NL400000390B70;Dog NV
20000512;NL400000162B21;Expansion
20000513;NL400000436B76;Believe NV
20000514;NL400000487B90;Run NV
20000515;NL400000542B13;Note NV
20000516;NL400000692B14;Circle VOF
20000517;NL400000385B99;Science
20000518;NL400000986B83;Stitch BV
20000519;NL400000880B24;Baseball
20000520;NL400000230B27;Crook BV
20000521;NL400000031B18;Sneeze BV
20000522;NL400000959B40;Creature
20000523;NL400000576B70;Pickle BV
20000524;NL400000289B26;Shock BV
20000525;NL400000323B38;Duck BV
20000526;NL400000678B37;Transport BV
20000527;NL400000961B77;Drain NV
20000528;NL400000526B61;Fang VOF
20000529;NL400000691B35;Mom BV
20000530;NL400000617B91;Spring NV
20000531;NL400000448B94;Advertisement VOF
20000532;NL400000412B21;Home NV
20000533;NL400000159B80;Car VOF
20000534;NL400000765B88;Turn BV
20000535;NL400000521B57;Bottle VOF
20000536;NL400000326B53;Icicle
20000537;NL400000320B75;Farm BV
20000538;NL400000875B70;Lake BV
20000539;NL400000992B82;Addition BV
20000540;NL400000003B49;Power
20000541;NL400000769B13;Book NV
20000542;NL400000516B87;Friend BV
20000543;NL400000894B50;Dolls NV
20000544;NL400000278B15;Thumb VOF
20000545;NL400000725B82;Hot VOF
20000546;NL400000783B95;Snake NV
20000547;NL400000381B93;Church NV
20000548;NL400000440B79;Twist BV
20000549;NL400000853B87;Behavior NV
20000550;NL400000143B95;Star NV
20000551;NL400000499B25;Fear BV
20000552;NL400000207B69;Screw
20000553;NL400000359B68;Stove NV
20000554;NL400000267B39;Account BV
20000555;NL400000028B70;Teeth BV
20000556;NL400000665B36;Cars BV
20000557;NL400000681B20;Basket BV
20000558;NL400000043B23;Station VOF
20000559;NL400000150B39;Steel
20000560;NL400000104B55;Middle
20000561;NL400000738B73;Glove BV
20000562;NL400000399B44;Ants NV
20000563;NL400000963B26;Gun BV
20000564;NL400000403B12;Desire VOF
20000565;NL400000852B65;Road VOF
20000566;NL400000631B41;Plastic
20000567;NL400000086B10;Sound NV
20000568;NL400000846B10;Yarn VOF
20000569;NL400000658B79;Bell NV
20000570;NL400000653B13;Step NV
20000571;NL400000884B36;Money BV
20000572;NL400000013B72;Office BV
20000573;NL400000090B26;Top
20000574;NL400000239B59;Voyage NV
20000575;NL400000443B36;Girl BV
20000576;NL400000703B22;Hate NV
20000577;NL400000238B69;Smoke BV
20000578;NL400000734B50;Competition
20000579;NL400000334B91;Cat VOF
20000580;NL400000161B73;Trick BV
20000581;NL400000171B18;Stretch NV
20000582;NL400000604B69;Cabbage BV
20000583;NL400000545B86;Button BV
20000584;NL400000913B18;Nest
20000585;NL400000716B56;Sticks BV
20000586;NL400000989B70;Scarf VOF
20000587;NL400000873B72;Finger
20000588;NL400000872B97;Stone BV
20000589;NL400000933B79;Person
20000590;NL400000878B53;Nut BV
20000591;NL400000818B10;Measure NV
20000592;NL400000707B76;Jail VOF
20000593;NL400000683B20;Caption
20000594;NL400000549B98;Apparatus BV
20000595;NL400000195B70;Rose NV
20000596;NL400000844B58;Sheep BV
20000597;NL400000787B36;Thing VOF
20000598;NL400000301B47;Whip NV
20000599;NL400000925B95;Religion NV
20000600;NL400000094B64;Belief BV
20000601;NL400000922B51;Increase BV
20000602;NL400000340B81;Rhythm
20000603;NL400000045B24;Scale BV
20000604;NL400000585B87;Pencil BV
20000605;NL400000223B29;Summer BV
20000606;NL400000981B72;Cream
20000607;NL400000891B33;Secretary VOF
20000608;NL400000335B68;Face BV
20000609;NL400000912B41;Copper BV
20000610;NL400000876B44;Silk VOF
20000611;NL400000366B27;Cook BV
20000612;NL400000342B56;Discussion BV
20000613;NL400000941B62;Need
20000614;NL400000420B17;Pipe BV
20000615;NL400000685B46;Language
20000616;NL400000500B40;Market
20000617;NL400000680B98;Pleasure BV
20000618;NL400000369B17;Jellyfish NV
20000619;NL400000990B71;Town VOF
20000620;NL400000025B56;Elbow VOF
20000621;NL400000077B22;Flavor BV
20000622;NL400000764B90;Sign
20000623;NL400000723B59;Trucks BV
20000624;NL400000954B98;Notebook
20000625;NL400000926B60;Tramp VOF
20000626;NL400000275B21;Verse NV
20000627;NL400000659B72;Cushion BV
20000628;NL400000458B99;Humor BV
20000629;NL400000624B37;Calculator
20000630;NL400000005B79;Potato BV
20000631;NL400000964B73;Quartz BV
20000632;NL400000782B67;Pail NV
20000633;NL400000641B93;Gate BV
20000634;NL400000193B32;Hole
20000635;NL400000206B50;Engine BV
20000636;NL400000287B19;Support
20000637;NL400000854B52;Beds NV
20000638;NL400000066B18;Cakes BV
20000639;NL400000164B18;Respect VOF
20000640;NL400000759B98;Gold
20000641;NL400000945B62;Pin
20000642;NL400000966B45;Cannon BV
20000643;NL400000388B88;Food VOF
20000644;NL400000881B97;Rail NV
20000645;NL400000858B16;Board BV
20000646;NL400000183B61;Destruction BV
20000647;NL400000457B90;Development
20000648;NL400000546B17;Bike BV
20000649;NL400000046B10;Seat NV
20000650;NL400000763B79;Hour BV
20000651;NL400000378B31;Camp NV
20000652;NL400000802B34;Wool NV
20000653;NL400000446B10;Aunt
20000654;NL400000700B43;Sky VOF
20000655;NL400000830B46;Insurance BV
20000656;NL400000020B84;Van BV
20000657;NL400000762B94;Basin
20000658;NL400000364B52;Bee VOF
20000659;NL400000026B70;Event BV
20000660;NL400000882B63;Quilt
20000661;NL400000712B45;Toothbrush NV
20000662;NL400000947B82;Kittens VOF
20000663;NL400000671B36;Roll
20000664;NL400000099B96;Box
20000665;NL400000915B83;Yam NV
20000666;NL400000573B36;Existence VOF
20000667;NL400000116B26;Crack NV
20000668;NL400000629B40;Test
20000669;NL400000835B32;Steam BV
20000670;NL400000827B28;Eyes
20000671;NL400000133B26;Smash BV
20000672;NL400000079B31;Arm VOF
20000673;NL400000367B77;Trousers
20000674;NL400000541B96;Hope NV
20000675;NL400000666B89;Moon
20000676;NL400000819B54;Queen
20000677;NL400000622B31;Brother BV
20000678;NL400000361B44;Bone NV
20000679;NL400000084B66;Leg BV
20000680;NL400000836B74;Berry BV
20000681;NL400000386B66;Breath
20000682;NL400000348B59;Swim NV
20000683;NL400000288B87;Earthquake BV
20000684;NL400000363B22;Spade BV
20000685;NL400000914B69;Seed VOF
20000686;NL400000040B85;Pigs
20000687;NL400000756B83;Trees NV
20000688;NL400000512B41;Grape
20000689;NL400000929B79;Island
20000690;NL400000923B31;Jar VOF
20000691;NL400000832B99;Industry BV
20000692;NL400000755B21;Balance BV
20000693;NL400000102B19;Dad NV
20000694;NL400000044B15;Coat
20000695;NL400000552B37;Locket NV
20000696;NL400000507B45;Prose NV
20000697;NL400000310B19;Advice
20000698;NL400000887B83;Fruit VOF
20000699;NL400000842B33;Vessel BV
20000700;NL400000424B89;Wound
20000701;NL400000235B21;Things
20000702;NL400000453B88;Grandfather VOF
20000703;NL400000789B49;Smell BV
20000704;NL400000389B84;Driving VOF
20000705;NL400000529B69;Club NV
20000706;NL400000594B97;Playground
20000707;NL400000647B30;Planes BV
20000708;NL400000112B23;Sea BV
20000709;NL400000035B32;Detail NV
20000710;NL400000711B47;Stocking BV
20000711;NL400000486B34;Cows
20000712;NL400000645B35;Cover VOF
20000713;NL400000942B96;Donkey BV
20000714;NL400000949B45;Vest NV
20000715;NL400000303B86;Sun NV
20000716;NL400000009B15;Wood BV
20000717;NL400000438B24;Hook NV
20000718;NL400000508B26;Trip
20000719;NL400000418B87;Bells BV
20000720;NL400000646B40;Tiger BV
20000721;NL400000786B33;Flame
20000722;NL400000632B86;Guitar NV
20000723;NL400000169B42;Shop
20000724;NL400000794B30;Song BV
20000725;NL400000172B22;Quarter NV
20000726;NL400000953B89;Sugar
20000727;NL400000976B22;Limit BV
20000728;NL400000837B33;Servant
20000729;NL400000848B91;Achiever
20000730;NL400000058B11;Partner
20000731;NL400000122B90;Pet BV
20000732;NL400000911B26;Zoo BV
20000733;NL400000253B29;Shape NV
20000734;NL400000100B83;Beef
20000735;NL400000205B61;Look VOF
20000736;NL400000967B10;Sail
20000737;NL400000449B91;Cake NV
20000738;NL400000198B19;Tendency VOF
20000739;NL400000719B64;Kiss NV
20000740;NL400000089B71;Idea BV
20000741;NL400000693B84;Baby BV
20000742;NL400000886B56;Volcano VOF
20000743;NL400000181B65;Wilderness VOF
20000744;NL400000537B89;Growth BV
20000745;NL400000024B11;Hobbies BV
20000746;NL400000265B62;Mitten BV
20000747;NL400000061B38;Stop VOF
20000748;NL400000056B45;Veil BV
20000749;NL400000606B65;Sofa
20000750;NL400000414B56;Quicksand VOF
20000751;NL400000661B52;Straw NV
20000752;NL400000930B85;Day NV
20000753;NL400000562B73;Cheese
20000754;NL400000730B90;Memory NV
20000755;NL400000950B16;String BV
20000756;NL400000241B52;Anger
20000757;NL400000233B92;Kick BV
20000758;NL400000811B40;Self NV
20000759;NL400000042B13;Thread NV
20000760;NL400000803B59;Snails BV
20000761;NL400000896B59;Carriage BV
20000762;NL400000919B41;Doll NV
20000763;NL400000970B99;Talk NV
20000764;NL400000709B35;Airport NV
20000765;NL400000015B59;Uncle NV
20000766;NL400000867B15;Flight VOF
20000767;NL400000121B68;Grip NV
20000768;NL400000036B42;Vase
20000769;NL400000849B77;Wealth VOF
20000770;NL400000123B48;Selection BV
20000771;NL400000153B33;Bubble BV
20000772;NL400000613B35;Sidewalk NV
20000773;NL400000917B10;Toad BV
20000774;NL400000145B73;Plough BV
20000775;NL400000667B11;Voice NV
20000776;NL400000472B95;Stew NV
20000777;NL400000413B18;Crib BV
20000778;NL400000192B68;Shelf BV
20000779;NL400000674B11;Rock BV
20000780;NL400000481B46;Request BV
20000781;NL400000067B76;Curtain BV
20000782;NL400000014B16;Decision
20000783;NL400000070B52;Cup
20000784;NL400000255B60;Ocean
20000785;NL400000277B33;Cactus NV
20000786;NL400000910B32;Clam VOF
20000787;NL400000184B67;Neck
20000788;NL400000341B38;Giants
20000789;NL400000272B58;Slave NV
20000790;NL400000467B64;Cattle BV
20000791;NL400000752B87;History NV
20000792;NL400000220B55;Cub BV
20000793;NL400000111B30;Honey
20000794;NL400000705B11;Scissors NV
20000795;NL400000299B65;Stamp
20000796;NL400000120B68;Plot
20000797;NL400000584B35;Country
20000798;NL400000863B14;System BV
20000799;NL400000300B83;Argument NV
20000800;NL400000273B72;Number NV
20000801;NL400000069B50;Boot
20000802;NL400000441B61;Class NV
20000803;NL400000841B95;Flag
20000804;NL400000400B28;Fall BV
20000805;NL400000555B29;Lip NV
20000806;NL400000800B71;Treatment VOF
20000807;NL400000437B55;Skin
20000808;NL400000650B36;Pizzas
20000809;NL400000760B66;Men
20000810;NL400000096B88;Use BV
20000811;NL400000636B12;Ray VOF
20000812;NL400000392B73;Wave
20000813;NL400000548B68;Profit BV
20000814;NL400000155B38;Clover BV
20000815;NL400000997B15;Underwear
20000816;NL400000554B25;Pets
20000817;NL400000175B27;Smile BV
20000818;NL400000157B86;Weight NV
20000819;NL400000188B53;Coil
20000820;NL400000864B91;Crayon NV
20000821;NL400000376B99;Chess
20000822;NL400000176B61;Wind BV
20000823;NL400000093B25;Ring NV
20000824;NL400000822B95;Month BV
20000825;NL400000578B95;Bushes BV
20000826;NL400000234B39;Chickens BV
20000827;NL400000398B12;Porter BV
20000828;NL400000780B18;Rainstorm VOF
20000829;NL400000475B55;Walk NV
20000830;NL400000384B93;Plantation
20000831;NL400000727B97;Order BV
20000832;NL400000374B23;Lock
20000833;NL400000637B94;Company NV
20000834;NL400000627B11;Question
20000835;NL400000350B32;Night BV
20000836;NL400000504B83;Arithmetic
20000837;NL400000327B55;Taste VOF
20000838;NL400000019B47;Bed BV
20000839;NL400000877B88;Land NV
20000840;NL400000295B75;Sleet NV
20000841;NL400000478B43;Scene BV
20000842;NL400000525B45;Start NV
20000843;NL400000971B21;Fish BV
20000844;NL400000225B98;Notebook BV
20000845;NL400000754B35;Purple
20000846;NL400000534B15;Greasy BV
20000847;NL400000281B27;Arrive
20000848;NL400000459B93;Wound BV
20000849;NL400000466B41;Radiate BV
20000850;NL400000055B38;Mixed BV
20000851;NL400000415B65;Queue BV
20000852;NL400000059B20;Analyse
20000853;NL400000840B78;Encouraging NV
20000854;NL400000902B57;Plane BV
20000855;NL400000618B37;Sin BV
20000856;NL400000599B37;Limping BV
20000857;NL400000532B41;Compete BV
20000858;NL400000831B36;Summer BV
20000859;NL400000142B77;Melt NV
20000860;NL400000748B60;Farm NV
20000861;NL400000194B50;Repulsive BV
20000862;NL400000321B49;Try BV
20000863;NL400000550B50;Nostalgic NV
20000864;NL400000639B65;Handy
20000865;NL400000899B49;Blot BV
20000866;NL400000049B64;Trace NV
20000867;NL400000168B12;Pathetic
20000868;NL400000620B33;Expect
20000869;NL400000916B46;Account
20000870;NL400000127B82;Trail NV
20000871;NL400000962B40;Twig NV
20000872;NL400000638B36;Fragile NV
20000873;NL400000612B91;Knife BV
20000874;NL400000073B37;Faded NV
20000875;NL400000662B66;Condition NV
20000876;NL400000454B26;Peaceful BV
20000877;NL400000444B91;Lumber BV
20000878;NL400000426B42;Pastoral NV
20000879;NL400000331B90;Elegant BV
20000880;NL400000633B41;Curtain NV
20000881;NL400000883B33;Flame BV
20000882;NL400000165B15;Slippery BV
20000883;NL400000601B80;Scissors
20000884;NL400000124B56;Marble BV
20000885;NL400000726B22;Piquant
20000886;NL400000382B98;Boast
20000887;NL400000978B69;Juggle BV
20000888;NL400000924B54;Temporary BV
20000889;NL400000701B98;Trousers VOF
20000890;NL400000023B80;Stimulating
20000891;NL400000751B81;Rabbits BV
20000892;NL400000132B38;Past BV
20000893;NL400000749B34;Awake BV
20000894;NL400000219B27;Squealing BV
20000895;NL400000592B35;Cars BV
20000896;NL400000539B56;Instruct NV
20000897;NL400000812B16;Acoustic NV
20000898;NL400000208B63;Pine NV
20000899;NL400000514B39;Unlock
20000900;NL400000847B64;Parallel BV
20000901;NL400000630B84;Muscle BV
20000902;NL400000806B64;Property VOF
20000903;NL400000856B25;Type
20000904;NL400000246B17;Obscene
20000905;NL400000147B42;Apologise NV
20000906;NL400000735B38;Blushing BV
20000907;NL400000455B94;Smooth NV
20000908;NL400000519B54;Bashful NV
20000909;NL400000569B14;Furniture BV
20000910;NL400000200B63;Ugliest BV
20000911;NL400000670B74;Elated BV
20000912;NL400000416B43;Recess BV
20000913;NL400000724B59;Tacit NV
20000914;NL400000538B80;Disarm NV
20000915;NL400000154B39;Fortunate
20000916;NL400000213B82;Bells
20000917;NL400000182B73;Writer BV
20000918;NL400000325B62;Interrupt VOF
20000919;NL400000937B93;Comparison BV
20000920;NL400000939B86;Boorish
20000921;NL400000721B31;Boy BV
20000922;NL400000857B43;Matter NV
20000923;NL400000829B72;Bitter BV
20000924;NL400000820B51;Known BV
20000925;NL400000579B32;Zinc
20000926;NL400000216B56;Copper BV
20000927;NL400000302B14;Irate BV
20000928;NL400000469B28;Beneficial NV
20000929;NL400000248B15;Porter VOF
20000930;NL400000684B14;Nervous NV
20000931;NL400000072B25;Smile
20000932;NL400000349B54;Attractive NV
20000933;NL400000492B55;Tick
20000934;NL400000002B74;Deranged VOF
20000935;NL400000522B14;Hissing BV
20000936;NL400000249B99;Cooperative NV
20000937;NL400000495B54;Berserk
20000938;NL400000956B86;Whisper NV
20000939;NL400000260B55;Credit
20000940;NL400000358B43;Damage NV
20000941;NL400000973B58;Glamorous BV
20000942;NL400000503B69;Hop
20000943;NL400000687B48;Puny BV
20000944;NL400000263B58;Swing NV
20000945;NL400000746B78;Company NV
20000946;NL400000397B40;Pumped NV
20000947;NL400000174B26;Poised
20000948;NL400000865B36;Super
20000949;NL400000137B67;Youthful NV
20000950;NL400000151B64;Frighten BV
20000951;NL400000117B21;Ocean
20000952;NL400000860B89;Accessible VOF
20000953;NL400000859B22;Color BV
20000954;NL400000115B66;Meeting
20000955;NL400000824B16;Women BV
20000956;NL400000955B51;Trees
20000957;NL400000149B80;Division VOF
20000958;NL400000595B46;Successful
20000959;NL400000934B27;Lewd
20000960;NL400000163B98;Unit NV
20000961;NL400000979B27;Tart NV
20000962;NL400000770B49;Stale
20000963;NL400000087B91;Church BV
20000964;NL400000798B74;Enchanted NV
20000965;NL400000221B48;Festive VOF
20000966;NL400000091B54;Colour
20000967;NL400000283B29;Embarrass NV
20000968;NL400000050B93;Woozy NV
20000969;NL400000346B84;Illegal BV
20000970;NL400000843B49;Need
20000971;NL400000062B37;Shop BV
20000972;NL400000297B11;Helpless VOF
20000973;NL400000434B12;Reminiscent NV
20000974;NL400000814B37;Exclusive BV
20000975;NL400000673B28;Drop BV
20000976;NL400000305B88;Rot
20000977;NL400000052B40;Skirt BV
20000978;NL400000110B81;Mom BV
20000979;NL400000597B19;Faint NV
20000980;NL400000547B48;Admire BV
20000981;NL400000520B47;Dad
20000982;NL400000125B80;Green
20000983;NL400000757B34;Impolite
20000984;NL400000039B41;Cup VOF
20000985;NL400000784B24;Mend NV
20000986;NL400000271B29;Tire BV
20000987;NL400000212B57;Noxious
20000988;NL400000329B13;Eye VOF
20000989;NL400000888B74;Grandfather BV
20000990;NL400000642B66;Bumpy NV
20000991;NL400000247B97;Invincible VOF
20000992;NL400000357B35;Digestion BV
20000993;NL400000907B77;Voracious VOF
20000994;NL400000105B67;Roasted VOF
20000995;NL400000817B90;Near BV
20000996;NL400000201B94;Crawl
20000997;NL400000493B50;Believe NV
20000998;NL400000330B44;Rail
20000999;NL400000203B28;Bird VOF
20001000;NL400000588B95;Abject NV